2017/02/02 09:35:21, 18.1, 20.0, 10
2017/02/02 09:36:35, 18.1, 20.0, 10
2017/02/02 09:40:35, 18.1, 20.0, 10
2017/02/02 09:44:58, 18.1, 20.0, 10
2017/02/02 09:48:35, 18.1, 20.0, 10
2017/02/02 09:53:35, 18.1, 19.9, 10
2017/02/02 09:54:47, 21.3, 20.8, 12
2017/02/02 09:55:53, 21.3, 21.0, 12
2017/02/02 09:55:57, 21.3, 21.0, 12
2017/02/02 09:58:43, 21.3, 21.5, 10
2017/02/02 10:03:43, 21.3, 21.6, 10
2017/02/02 10:07:03, 21.3, 21.7, 10
2017/02/02 10:12:03, 21.8, 21.7, 10
2017/02/02 10:17:03, 21.8, 21.8, 10
2017/02/02 10:22:03, 21.8, 21.9, 10
2017/02/02 10:24:00, 21.8, 21.9, 10
2017/02/02 10:29:00, 21.8, 22.0, 10
2017/02/02 10:34:00, 20.6, 22.0, 10
2017/02/02 10:34:06, 23.7, 22.0, 12
2017/02/02 10:34:11, 21.0, 22.0, 10
2017/02/02 10:42:38, 21.0, 22.1, 10
2017/02/02 10:43:22, 21.0, 22.1, 10
2017/02/02 10:43:40, 21.0, 22.1, 10
2017/02/02 10:43:56, 21.0, 22.1, 10
2017/02/02 10:44:10, 21.0, 22.1, 10
2017/02/02 10:44:24, 21.0, 22.1, 10
2017/02/02 10:44:49, 21.0, 22.1, 10
2017/02/02 10:49:49, 21.0, 22.2, 10
2017/02/02 10:53:49, 19.2, 22.2, 10
2017/02/02 10:58:55, 19.2, 22.2, 10
2017/02/02 11:03:55, 21.0, 22.2, 10
2017/02/02 11:05:18, 0.0, 22.3, 10
2017/02/02 11:05:40, 21.1, 22.3, 10
2017/02/02 11:10:40, 21.1, 22.3, 10
2017/02/02 11:15:40, 21.1, 22.3, 10
2017/02/02 11:20:40, 21.1, 22.3, 10
2017/02/02 11:25:40, 21.1, 22.3, 10
2017/02/02 11:30:40, 21.1, 22.4, 10
2017/02/02 11:35:40, 21.1, 22.4, 10
2017/02/02 11:40:40, 21.1, 22.4, 10
2017/02/02 11:45:40, 21.1, 22.4, 10
2017/02/02 11:50:40, 21.1, 22.4, 10
2017/02/02 11:55:40, 21.1, 22.4, 10
2017/02/02 12:00:40, 21.1, 22.4, 10
2017/02/02 12:05:40, 21.1, 22.4, 10
2017/02/02 12:10:40, 21.1, 22.5, 10
2017/02/02 12:21:42, 21.1, 22.5, 10
2017/02/02 12:24:35, 21.1, 22.6, 10
2017/02/02 12:26:06, 19.8, 22.6, 10
2017/02/02 12:29:16, 19.8, 22.6, 10
2017/02/02 12:33:21, 0.0, 22.6, 10
2017/02/02 12:34:07, 0.0, 22.6, 10
2017/02/02 12:37:00, 19.5, 22.7, 10
2017/02/02 12:42:00, 21.2, 22.7, 10
2017/02/02 12:47:35, 21.2, 22.7, 10
2017/02/02 12:50:26, 21.2, 22.8, 10
2017/02/02 12:53:23, 21.2, 22.8, 10
2017/02/02 12:53:49, 23.7, 22.8, 12
2017/02/02 12:54:20, 23.7, 22.8, 12
2017/02/02 12:54:24, 20.2, 22.8, 10
2017/02/02 12:57:15, 21.7, 22.8, 10
2017/02/02 12:59:41, 23.7, 22.8, 12
2017/02/02 13:00:11, 23.7, 22.8, 12
2017/02/02 13:00:15, 23.7, 22.8, 12
2017/02/02 13:01:01, 23.7, 22.8, 10
2017/02/02 13:01:16, 23.7, 22.8, 12
2017/02/02 13:01:36, 23.7, 22.8, 10
2017/02/02 13:01:46, 23.7, 22.8, 12
2017/02/02 13:04:20, 23.7, 22.8, 12
2017/02/02 13:04:24, 23.7, 22.8, 12
2017/02/02 13:04:30, 23.7, 22.8, 10
2017/02/02 13:04:50, 23.7, 22.8, 12
2017/02/02 13:06:57, 23.7, 22.8, 12
2017/02/02 13:07:01, 23.7, 22.8, 12
2017/02/02 13:12:01, 23.7, 22.9, 12
2017/02/02 13:12:32, 19.1, 22.9, 10
2017/02/02 13:23:28, 22.4, 22.9, 10
2017/02/02 13:25:28, 22.4, 22.9, 10
2017/02/02 13:30:28, 22.1, 22.9, 10
2017/02/02 13:32:01, 22.1, 23.0, 10
2017/02/02 13:37:01, 22.1, 23.0, 10
2017/02/02 13:38:36, 22.1, 23.0, 10
2017/02/02 13:39:32, 20.7, 20.0, 12
2017/02/02 13:39:38, 20.7, 23.0, 10
2017/02/02 13:40:26, 0.0, 20.0, 10
2017/02/02 13:40:32, 21.2, 20.0, 12
2017/02/02 13:40:37, 21.2, 23.0, 10
2017/02/02 13:40:54, 21.2, 23.0, 10
2017/02/02 13:42:50, 21.2, 23.0, 10
2017/02/02 13:43:39, 21.2, 23.0, 10
2017/02/02 13:43:58, 0.0, 20.0, 10
2017/02/02 13:44:29, 20.9, 23.0, 10
2017/02/02 13:49:29, 20.9, 23.0, 10
2017/02/02 13:54:29, 20.9, 23.0, 10
2017/02/02 13:59:29, 20.9, 23.0, 10
2017/02/02 14:04:29, 20.9, 23.0, 10
2017/02/02 14:09:29, 20.9, 23.0, 10
2017/02/02 14:14:29, 20.9, 23.0, 10
2017/02/02 14:19:29, 20.9, 23.0, 10
2017/02/02 14:24:29, 19.5, 23.0, 10
2017/02/02 14:29:29, 19.5, 23.0, 10
2017/02/02 14:34:29, 19.5, 23.3, 10
2017/02/02 14:39:29, 19.5, 23.4, 10
2017/02/02 14:44:29, 19.5, 23.4, 10
2017/02/02 14:49:29, 18.0, 23.4, 10
2017/02/02 14:52:41, 22.0, 23.4, 10
2017/02/02 14:52:53, 22.0, 23.4, 10
2017/02/02 14:53:12, 22.0, 23.4, 10
2017/02/13 07:37:44, 22.0, 17.9, 12
2017/02/13 07:37:48, 22.0, 17.9, 12
2017/02/13 07:42:48, 22.0, 18.0, 12
2017/02/13 07:47:48, 22.0, 18.1, 12
2017/02/13 07:52:48, 22.0, 18.2, 12
2017/02/13 07:57:34, 22.0, 18.3, 12
2017/02/13 07:57:38, 22.0, 18.3, 12
2017/02/13 08:02:38, 22.0, 18.4, 12
2017/02/13 08:07:38, 22.0, 18.4, 12
2017/02/13 08:12:38, 22.0, 18.5, 12
2017/02/13 08:17:38, 22.0, 18.6, 12
2017/02/13 08:22:38, 22.0, 18.6, 12
2017/02/13 08:27:38, 22.0, 18.7, 12
2017/02/13 08:32:38, 21.0, 18.7, 12
2017/02/13 08:37:38, 21.0, 18.8, 12
2017/02/13 08:38:28, 21.0, 18.8, 12
2017/02/13 08:38:32, 21.0, 18.8, 12
2017/02/13 08:43:32, 21.0, 18.9, 12
2017/02/13 08:48:32, 21.0, 18.9, 12
2017/02/13 08:53:32, 21.0, 19.0, 12
2017/02/13 08:58:32, 21.0, 19.1, 12
2017/02/13 09:03:32, 21.0, 19.1, 12
2017/02/13 09:08:32, 21.0, 19.1, 12
2017/02/13 09:13:32, 21.0, 19.2, 12
2017/02/13 09:18:32, 21.0, 19.3, 12
2017/02/13 09:23:32, 21.0, 19.3, 12
2017/02/13 09:28:32, 21.0, 19.4, 12
2017/02/13 09:33:32, 21.0, 19.4, 12
2017/02/13 09:38:32, 21.0, 19.5, 12
2017/02/13 09:43:32, 21.0, 19.5, 12
2017/02/13 09:48:32, 21.0, 19.6, 12
2017/02/13 09:53:32, 21.0, 19.6, 12
2017/02/13 09:58:32, 21.0, 19.7, 12
2017/02/13 10:03:32, 21.0, 19.7, 12
2017/02/13 10:08:32, 21.0, 19.8, 12
2017/02/13 10:13:32, 21.0, 19.8, 12
2017/02/13 10:18:32, 21.0, 19.8, 12
2017/02/13 10:23:32, 21.0, 19.8, 12
2017/02/13 10:28:32, 21.0, 19.8, 12
2017/02/13 10:33:32, 21.0, 19.8, 12
2017/02/13 10:38:32, 21.0, 19.9, 12
2017/02/13 10:43:32, 21.0, 19.9, 12
2017/02/13 10:48:32, 21.0, 19.9, 12
2017/02/13 10:53:32, 21.0, 19.9, 12
2017/02/13 10:58:32, 21.0, 20.0, 12
2017/02/13 11:03:32, 21.0, 20.0, 12
2017/02/13 11:08:32, 21.0, 20.0, 12
2017/02/13 11:13:32, 21.0, 20.1, 12
2017/02/13 11:18:32, 21.0, 20.1, 12
2017/02/13 11:23:32, 21.0, 20.1, 12
2017/02/13 11:28:32, 21.0, 20.2, 12
2017/02/13 11:33:32, 21.0, 20.3, 12
2017/02/13 11:38:32, 21.0, 20.3, 12
2017/02/13 11:40:24, 21.0, 20.3, 12
2017/02/13 11:40:28, 21.0, 20.3, 12
2017/02/13 11:41:16, 21.0, 20.0, 12
2017/02/13 11:41:20, 21.0, 20.0, 12
2017/02/13 11:42:20, 21.0, 20.0, 12
2017/02/13 11:42:24, 21.0, 20.0, 12
2017/02/13 11:45:01, 21.0, 20.0, 12
2017/02/13 11:45:05, 21.0, 20.0, 12
2017/02/13 11:50:05, 21.0, 20.0, 12
2017/02/13 11:55:05, 21.0, 20.0, 12
2017/02/13 11:56:32, 21.0, 20.0, 12
2017/02/13 11:56:36, 21.0, 20.0, 12
2017/02/13 12:01:36, 21.0, 20.0, 12
2017/02/13 12:04:38, 21.0, 20.0, 12
2017/02/13 12:04:42, 21.0, 20.0, 12
2017/02/13 12:05:36, 21.0, 20.0, 12
2017/02/13 12:05:40, 21.0, 20.0, 12
2017/02/13 12:10:40, 21.0, 20.0, 12
2017/02/13 12:13:59, 21.0, 20.0, 12
2017/02/13 12:14:03, 21.0, 20.0, 12
2017/02/13 12:17:58, 21.0, 20.0, 12
2017/02/13 12:18:02, 21.0, 20.0, 12
2017/02/13 12:19:24, 21.0, 20.5, 12
2017/02/13 12:19:28, 21.0, 20.5, 12
2017/02/13 12:24:28, 21.0, 20.5, 12
2017/02/14 13:23:30, 21.0, 20.0, 12
2017/02/14 13:23:31, 21.0, 20.0, 12
2017/02/14 13:28:31, 21.0, 20.0, 12
2017/02/14 13:28:59, 21.0, 20.0, 12
2017/02/14 13:29:00, 21.0, 20.0, 12
2017/02/14 13:30:50, 21.0, 20.0, 12
2017/02/14 13:30:51, 21.0, 20.0, 12
2017/02/14 13:34:05, 21.0, 20.0, 12
2017/02/14 13:34:06, 21.0, 20.0, 12
2017/02/14 13:35:05, 21.0, 20.0, 12
2017/02/14 13:35:06, 21.0, 20.0, 12
2017/02/15 07:18:39, 21.0, 20.0, 12
2017/02/15 07:18:43, 21.0, 20.0, 12
2017/02/15 07:21:50, 21.0, 20.0, 12
2017/02/15 07:21:54, 21.0, 20.0, 12
2017/02/15 07:22:27, 21.0, 20.0, 12
2017/02/15 07:22:31, 21.0, 20.0, 12
2017/02/15 07:23:39, 21.0, 20.0, 12
2017/02/15 07:23:43, 21.0, 20.0, 12
2017/02/15 07:25:12, 21.0, 20.0, 12
2017/02/15 07:25:16, 21.0, 20.0, 12
2017/02/15 07:30:16, 21.0, 20.0, 12
2017/02/15 07:31:50, 21.0, 15.8, 12
2017/02/15 07:31:54, 21.0, 15.8, 12
2017/02/15 07:33:59, 21.0, 16.2, 12
2017/02/15 07:34:03, 21.0, 16.2, 12
2017/02/15 07:35:23, 21.0, 16.5, 12
2017/02/15 07:35:27, 21.0, 16.5, 12
2017/02/15 07:37:14, 21.0, 17.0, 12
2017/02/15 07:37:18, 21.0, 17.0, 12
2017/02/15 07:42:18, 21.0, 18.2, 12
2017/02/15 07:47:18, 21.0, 18.8, 12
2017/02/15 07:52:18, 21.0, 19.2, 12
2017/02/15 07:57:18, 21.0, 19.4, 12
2017/02/15 08:02:18, 21.0, 19.6, 12
2017/02/15 08:07:18, 21.0, 19.8, 12
2017/02/15 08:12:18, 21.0, 19.9, 12
2017/02/15 08:17:18, 21.0, 20.0, 12
2017/02/15 08:22:18, 21.0, 20.1, 12
2017/02/15 08:27:18, 21.0, 20.2, 12
2017/02/15 08:32:18, 21.0, 20.3, 12
2017/02/15 08:37:18, 21.0, 20.4, 12
2017/02/15 08:42:18, 21.0, 20.4, 12
2017/02/15 08:47:18, 21.0, 20.5, 12
2017/02/15 08:52:18, 21.0, 20.5, 12
2017/02/15 08:57:18, 21.0, 20.5, 12
2017/02/15 09:02:18, 21.0, 20.6, 12
2017/02/15 09:07:18, 21.0, 20.6, 12
2017/02/15 09:12:18, 21.0, 20.7, 12
2017/02/15 09:17:18, 21.0, 20.8, 12
2017/02/15 09:22:18, 21.0, 20.8, 12
2017/02/15 09:25:34, 21.0, 20.9, 10
2017/02/15 09:26:46, 21.0, 20.9, 10
2017/02/15 09:28:32, 21.0, 20.9, 10
2017/02/15 09:33:32, 21.0, 20.9, 10
2017/02/15 09:38:32, 21.0, 20.9, 10
2017/02/15 09:43:32, 21.0, 20.9, 10
2017/02/15 09:48:32, 21.0, 20.9, 10
2017/02/15 09:53:32, 21.0, 21.0, 10
2017/02/15 09:58:32, 21.0, 21.0, 10
2017/02/15 10:03:32, 21.0, 21.0, 10
2017/02/15 10:08:32, 21.0, 21.1, 10
2017/02/15 10:13:32, 21.0, 21.1, 10
2017/02/15 10:18:32, 21.0, 21.1, 10
2017/02/15 10:23:32, 21.0, 21.1, 10
2017/02/15 10:28:32, 21.0, 21.1, 10
2017/02/15 10:33:32, 21.0, 21.2, 10
2017/02/15 10:38:32, 21.0, 21.2, 10
2017/02/15 10:43:32, 21.0, 21.2, 10
2017/02/15 10:45:35, 21.0, 21.0, 10
2017/02/15 10:48:41, 21.0, 21.0, 10
2017/02/15 10:50:24, 21.0, 21.0, 10
2017/02/15 10:55:18, 21.0, 21.0, 10
2017/02/15 10:57:28, 21.0, 21.0, 10
2017/02/15 11:02:28, 21.0, 21.0, 10
2017/02/15 11:07:28, 21.0, 21.1, 10
2017/02/15 11:12:28, 21.0, 21.1, 10
2017/02/15 11:17:28, 21.0, 21.1, 10
2017/02/15 11:22:28, 21.0, 21.1, 10
2017/02/15 11:27:28, 21.0, 21.1, 10
2017/02/15 11:32:28, 21.0, 21.2, 10
2017/02/15 11:37:28, 21.0, 21.2, 10
2017/02/15 11:42:28, 21.0, 21.2, 10
2017/02/15 11:47:28, 21.0, 21.2, 10
2017/02/15 11:52:28, 21.0, 21.2, 10
2017/02/15 11:57:28, 21.0, 21.3, 10
2017/02/15 12:02:28, 21.0, 21.3, 10
2017/02/15 12:07:28, 21.0, 21.3, 10
2017/02/15 12:12:28, 21.0, 21.3, 10
2017/02/15 12:17:28, 21.0, 21.4, 10
2017/02/15 12:22:28, 21.0, 21.4, 10
2017/02/15 12:24:12, 21.0, 21.4, 10
2017/02/15 12:29:12, 21.0, 21.4, 10
2017/02/15 12:34:12, 21.0, 21.4, 10
2017/02/15 12:39:12, 21.0, 21.5, 10
2017/02/15 12:44:12, 21.0, 21.5, 10
2017/02/15 12:49:12, 21.0, 21.5, 10
2017/02/15 12:54:12, 21.0, 21.5, 10
2017/02/15 12:57:44, 22.0, 21.5, 12
2017/02/15 12:57:49, 20.7, 21.5, 10
2017/02/15 13:02:49, 20.7, 21.6, 10
2017/02/15 13:07:49, 20.7, 21.6, 10
2017/02/15 13:12:49, 20.7, 21.6, 10
2017/02/15 13:17:49, 20.7, 21.6, 10
2017/02/15 13:22:49, 20.7, 21.7, 10
2017/02/15 13:27:49, 20.7, 21.7, 10
2017/02/15 13:32:49, 20.7, 21.7, 10
2017/02/15 13:37:49, 20.7, 21.7, 10
2017/02/15 13:42:49, 20.7, 21.7, 10
2017/02/15 13:47:49, 20.7, 21.8, 10
2017/02/15 13:52:49, 20.7, 21.8, 10
2017/02/15 13:57:49, 20.7, 21.8, 10
2017/02/15 14:02:49, 20.7, 21.8, 10
2017/02/15 14:07:49, 20.7, 21.9, 10
2017/02/15 14:12:54, 20.7, 22.2, 10
2017/02/15 14:17:54, 20.7, 22.2, 10
2017/02/15 14:22:54, 20.7, 22.3, 10
2017/02/15 14:27:54, 20.7, 22.3, 10
2017/02/15 14:32:54, 20.7, 22.3, 10
2017/02/15 14:37:54, 20.7, 22.3, 10
2017/02/15 14:42:54, 20.7, 22.3, 10
2017/02/15 14:47:54, 20.7, 22.4, 10
2017/02/16 10:40:30, 21.5, 20.7, 12
2017/02/16 10:45:30, 21.5, 20.7, 12
2017/02/16 10:50:05, 19.2, 20.7, 10
2017/02/16 10:55:05, 19.2, 20.9, 10
2017/02/16 11:00:05, 19.2, 20.9, 10
2017/02/16 11:05:05, 19.2, 20.9, 10
2017/02/16 11:10:05, 19.2, 20.9, 10
2017/02/16 11:15:05, 19.2, 20.9, 10
2017/02/16 11:20:05, 19.2, 20.9, 10
2017/02/16 11:25:05, 19.2, 20.9, 10
2017/02/16 11:30:05, 19.2, 20.9, 10
2017/02/16 11:35:05, 19.2, 20.9, 10
2017/02/16 11:40:05, 19.2, 20.9, 10
2017/02/16 11:45:05, 19.2, 21.1, 10
2017/02/16 11:50:05, 19.2, 21.1, 10
2017/02/16 11:55:05, 19.2, 21.1, 10
2017/02/16 12:00:05, 19.2, 21.1, 10
2017/02/16 12:05:05, 19.2, 21.1, 10
2017/02/16 12:10:05, 19.2, 21.1, 10
2017/02/16 12:15:05, 19.2, 21.1, 10
2017/02/16 12:20:05, 19.2, 21.1, 10
2017/02/16 12:25:05, 19.2, 21.1, 10
2017/02/16 12:30:05, 19.2, 21.3, 10
2017/02/16 12:35:05, 19.2, 21.3, 10
2017/02/16 12:40:05, 19.2, 21.3, 10
2017/02/16 12:45:05, 19.2, 21.3, 10
2017/02/16 12:50:05, 19.2, 21.3, 10
2017/02/16 12:55:05, 19.2, 21.3, 10
2017/02/16 12:56:40, 19.2, 20.0, 10
2017/02/16 13:01:40, 19.2, 21.4, 10
2017/02/16 13:06:40, 19.2, 21.4, 10
2017/02/16 13:11:40, 19.2, 21.4, 10
2017/02/16 13:13:15, 19.2, 20.0, 10
2017/02/16 13:18:15, 19.2, 21.5, 10
2017/02/16 13:23:15, 19.2, 21.5, 10
2017/02/16 13:28:15, 19.2, 21.5, 10
2017/02/16 13:33:15, 19.2, 21.7, 10
2017/02/16 13:38:15, 19.2, 21.7, 10
2017/02/16 13:43:15, 19.2, 21.7, 10
2017/02/16 13:48:15, 19.2, 21.9, 10
2017/02/16 13:53:15, 19.2, 21.9, 10
2017/02/16 13:58:15, 19.2, 21.9, 10
2017/02/16 14:03:15, 19.2, 21.9, 10
2017/02/16 14:05:29, 22.7, 21.9, 12
2017/02/16 14:10:29, 22.7, 21.9, 12
2017/02/16 14:15:29, 22.7, 21.9, 12
2017/02/16 14:20:29, 22.7, 21.9, 12
2017/02/16 14:25:29, 22.7, 21.9, 12
2017/02/16 14:30:29, 22.7, 21.9, 12
2017/02/16 14:35:29, 22.7, 21.9, 12
2017/02/16 14:40:29, 22.7, 22.1, 12
2017/02/16 14:45:29, 22.7, 22.1, 12
2017/02/16 14:50:09, 22.0, 22.1, 10
2017/02/16 14:55:09, 22.0, 22.1, 10
2017/02/28 13:14:49, 22.0, 20.0, 12
2017/02/28 13:15:24, 22.0, 20.0, 10
2017/02/28 13:15:44, 22.0, 20.0, 12
2017/02/28 13:16:14, 19.4, 20.0, 10
2017/02/28 13:21:14, 19.4, 20.0, 10
2017/02/28 13:24:21, 19.4, 20.0, 10
2017/02/28 13:25:42, 19.4, 20.0, 10
2017/02/28 13:26:16, 19.4, 20.0, 10
2017/02/28 13:26:58, 19.4, 20.0, 10
2017/02/28 13:31:57, 19.4, 20.0, 10
2017/02/28 13:35:07, 19.4, 20.0, 10
2017/02/28 13:35:29, 19.4, 20.0, 10
2017/02/28 13:35:54, 19.4, 20.0, 10
2017/02/28 13:36:17, 19.4, 20.0, 10
2017/02/28 13:36:30, 19.4, 20.0, 10
2017/02/28 13:36:46, 19.4, 20.0, 10
2017/02/28 13:37:03, 19.4, 20.0, 10
2017/02/28 13:37:23, 19.4, 20.0, 10
2017/02/28 13:42:23, 19.4, 20.0, 10
2017/02/28 13:47:23, 19.4, 20.0, 10
2017/02/28 13:52:23, 19.4, 20.0, 10
2017/02/28 13:57:23, 19.4, 20.0, 10
2017/02/28 14:02:23, 19.4, 20.0, 10
2017/02/28 14:07:23, 19.4, 20.0, 10
2017/02/28 14:12:23, 19.4, 20.0, 10
2017/02/28 14:17:23, 19.4, 20.0, 10
2017/02/28 14:22:23, 19.4, 20.0, 10
2017/02/28 14:27:23, 19.4, 20.0, 10
2017/02/28 14:31:07, 21.1, 20.0, 12
2017/02/28 14:36:07, 21.1, 20.0, 12
2017/02/28 14:41:07, 21.1, 20.0, 12
2017/02/28 14:46:07, 21.1, 20.0, 12
2017/02/28 14:49:15, 21.1, 20.0, 12
2017/02/28 14:50:22, 21.1, 20.0, 12
2017/02/28 14:53:18, 21.1, 20.0, 12
2017/02/28 14:53:57, 21.1, 20.0, 12
2017/03/01 07:22:36, 21.1, 20.0, 10
2017/03/01 07:22:40, 21.1, 20.0, 12
2017/03/01 07:24:29, 21.1, 20.0, 10
2017/03/01 07:24:33, 21.1, 20.0, 12
2017/03/01 07:25:04, 21.1, 20.0, 10
2017/03/01 07:25:07, 21.1, 20.0, 12
2017/03/01 07:29:07, 21.1, 20.0, 10
2017/03/01 07:29:10, 21.1, 20.0, 12
2017/03/01 07:34:10, 21.1, 20.0, 12
2017/03/01 07:35:10, 21.1, 20.0, 10
2017/03/01 07:35:13, 21.1, 20.0, 12
2017/03/01 07:36:48, 21.1, 20.0, 10
2017/03/01 07:36:51, 21.1, 20.0, 12
2017/03/01 07:37:40, 21.1, 20.0, 10
2017/03/01 07:37:43, 21.1, 20.0, 12
2017/03/01 07:40:14, 21.1, 20.0, 10
2017/03/01 07:40:17, 21.1, 20.0, 12
2017/03/01 07:40:50, 21.1, 20.0, 10
2017/03/01 07:40:53, 21.1, 20.0, 12
2017/03/01 07:41:22, 21.1, 20.0, 10
2017/03/01 07:41:25, 21.1, 20.0, 12
2017/03/01 07:41:54, 21.1, 20.0, 10
2017/03/01 07:41:57, 21.1, 20.0, 12
2017/03/01 07:46:57, 21.1, 20.0, 12
2017/03/01 07:51:57, 21.1, 20.0, 12
2017/03/01 07:55:33, 21.1, 20.0, 10
2017/03/01 07:55:36, 21.1, 20.0, 12
2017/03/01 07:55:49, 21.1, 20.0, 10
2017/03/01 07:55:52, 21.1, 20.0, 12
2017/03/01 08:00:52, 21.1, 20.0, 12
2017/03/01 08:05:32, 21.1, 20.0, 10
2017/03/01 08:05:35, 21.1, 20.0, 12
2017/03/01 08:08:39, 21.1, 20.0, 10
2017/03/01 08:08:42, 21.1, 20.0, 12
2017/03/01 08:13:42, 21.1, 20.0, 12
2017/03/01 08:18:42, 21.1, 20.0, 12
2017/03/01 08:22:39, 21.1, 20.0, 10
2017/03/01 08:22:42, 21.1, 20.0, 12
2017/03/01 08:27:42, 21.0, 20.0, 12
2017/03/01 08:32:42, 21.0, 20.0, 12
2017/03/01 08:37:42, 21.0, 20.0, 12
2017/03/01 08:42:42, 21.0, 20.0, 12
2017/03/01 08:47:42, 21.0, 20.0, 12
2017/03/01 08:52:42, 21.0, 20.0, 12
2017/03/01 08:57:42, 21.0, 20.0, 12
2017/03/01 09:02:42, 21.0, 20.0, 12
2017/03/01 09:07:42, 21.0, 20.0, 12
2017/03/01 09:12:42, 21.0, 20.0, 12
2017/03/01 09:16:23, 19.1, 20.0, 10
2017/03/01 09:16:43, 21.4, 20.0, 12
2017/03/01 09:21:43, 21.4, 20.0, 12
2017/03/01 09:26:43, 21.4, 20.0, 12
2017/03/01 09:31:43, 21.4, 20.0, 12
2017/03/01 09:36:43, 21.4, 20.0, 12
2017/03/01 09:41:43, 21.4, 20.0, 12
2017/03/01 09:46:43, 21.4, 20.0, 12
2017/03/01 09:50:38, 18.0, 20.0, 10
2017/03/01 09:53:33, 21.4, 20.0, 12
2017/03/01 09:58:33, 21.4, 20.0, 12
2017/03/01 10:00:38, 18.7, 20.0, 10
2017/03/01 10:03:53, 21.4, 20.0, 12
2017/03/01 10:05:38, 21.4, 20.0, 10
2017/03/01 10:05:41, 21.4, 20.0, 12
2017/03/01 10:06:54, 21.4, 20.0, 10
2017/03/01 10:11:54, 21.4, 21.7, 10
2017/03/01 10:16:54, 21.4, 21.7, 10
2017/03/01 10:21:54, 21.4, 21.7, 10
2017/03/01 10:26:54, 21.4, 21.7, 10
2017/03/01 10:31:54, 21.4, 21.7, 10
2017/03/01 10:36:54, 21.4, 21.7, 10
2017/03/01 10:41:54, 21.4, 21.7, 10
2017/03/01 10:46:54, 21.4, 21.7, 10
2017/03/01 10:51:54, 21.4, 21.9, 10
2017/03/01 10:56:54, 21.4, 21.9, 10
2017/03/01 11:01:54, 21.4, 21.9, 10
2017/03/01 11:03:15, 21.4, 20.0, 10
2017/03/01 11:04:47, 21.4, 20.0, 10
2017/03/01 11:05:43, 21.4, 20.0, 10
2017/03/01 11:10:43, 21.4, 22.0, 10
2017/03/01 11:15:43, 21.4, 22.0, 10
2017/03/01 11:20:43, 21.4, 22.0, 10
2017/03/01 11:25:43, 21.4, 22.0, 10
2017/03/01 11:30:43, 21.4, 22.0, 10
2017/03/01 11:35:43, 21.4, 22.0, 10
2017/03/01 11:40:43, 21.4, 22.0, 10
2017/03/01 11:44:01, 22.7, 22.0, 12
2017/03/01 11:48:42, 22.7, 20.0, 10
2017/03/01 11:48:46, 22.7, 22.1, 12
2017/03/01 11:49:25, 21.6, 22.1, 10
2017/03/01 11:54:25, 21.6, 22.1, 10
2017/03/01 11:59:25, 20.9, 22.1, 10
2017/03/01 12:04:25, 20.9, 22.1, 10
2017/03/01 12:09:25, 20.9, 22.1, 10
2017/03/01 12:14:25, 20.9, 22.1, 10
2017/03/01 12:19:25, 20.9, 22.1, 10
2017/03/01 12:24:25, 20.9, 22.3, 10
2017/03/01 12:29:25, 20.9, 22.3, 10
2017/03/01 12:34:25, 20.9, 22.3, 10
2017/03/01 12:39:26, 20.9, 22.3, 10
2017/03/01 12:44:26, 20.9, 22.3, 10
2017/03/01 12:49:26, 20.9, 22.3, 10
2017/03/01 12:54:26, 20.9, 22.5, 10
2017/03/01 12:59:26, 20.9, 22.5, 10
2017/03/01 13:04:26, 20.9, 22.5, 10
2017/03/01 13:09:26, 20.9, 22.5, 10
2017/03/01 13:14:26, 20.9, 22.5, 10
2017/03/01 13:19:26, 20.9, 22.5, 10
2017/03/01 13:24:26, 20.9, 22.5, 10
2017/03/01 13:29:26, 20.9, 22.5, 10
2017/03/01 13:34:26, 20.9, 22.7, 10
2017/03/01 13:39:26, 20.9, 22.7, 10
2017/03/01 13:44:26, 20.9, 22.7, 10
2017/03/01 13:49:26, 20.9, 22.7, 10
2017/03/01 13:54:26, 20.9, 22.7, 10
2017/03/01 13:59:26, 20.9, 22.7, 10
2017/03/01 14:04:26, 20.9, 22.9, 10
2017/03/01 14:09:26, 20.9, 22.9, 10
2017/03/01 14:14:26, 20.9, 22.9, 10
2017/03/01 14:19:26, 20.9, 22.9, 10
2017/03/01 14:24:26, 20.9, 22.9, 10
2017/03/01 14:29:26, 20.9, 22.9, 10
2017/03/01 14:34:26, 20.9, 22.9, 10
2017/03/01 14:39:26, 20.9, 22.9, 10
2017/03/01 14:44:26, 20.9, 22.9, 10
2017/03/01 14:49:26, 20.9, 22.9, 10
2017/03/01 14:54:26, 20.9, 23.1, 10
2017/03/01 14:59:26, 20.9, 23.1, 10
2017/03/01 15:04:26, 20.9, 23.1, 10
2017/03/02 06:52:15, 20.9, 20.0, 10
2017/03/02 06:52:18, 20.9, 20.0, 12
2017/03/02 06:57:18, 20.9, 17.9, 12
2017/03/02 07:02:18, 20.9, 19.1, 12
2017/03/02 07:07:18, 20.9, 19.9, 12
2017/03/02 07:12:18, 20.9, 20.3, 12
2017/03/02 07:17:18, 20.9, 20.7, 12
2017/03/02 07:19:38, 20.9, 20.9, 10
2017/03/02 07:24:38, 20.9, 20.9, 10
2017/03/02 07:29:38, 20.9, 21.1, 10
2017/03/02 07:34:38, 20.9, 21.3, 10
2017/03/02 07:39:38, 20.9, 21.3, 10
2017/03/02 07:44:38, 20.9, 21.5, 10
2017/03/02 07:49:39, 20.9, 21.5, 10
2017/03/02 07:54:39, 20.9, 21.7, 10
2017/03/02 07:59:39, 20.9, 21.7, 10
2017/03/02 08:04:39, 20.9, 21.7, 10
2017/03/02 08:09:39, 20.9, 21.9, 10
2017/03/02 08:14:39, 20.9, 21.9, 10
2017/03/02 08:19:39, 20.9, 21.9, 10
2017/03/02 08:24:11, 20.9, 20.0, 10
2017/03/02 08:26:23, 20.9, 20.0, 10
2017/03/02 08:28:00, 20.9, 20.0, 10
2017/03/02 08:28:53, 20.9, 20.0, 10
2017/03/02 08:29:52, 20.9, 20.0, 10
2017/03/02 08:30:35, 20.9, 20.0, 10
2017/03/02 08:31:22, 20.9, 20.0, 10
2017/03/02 08:32:39, 20.9, 20.0, 10
2017/03/02 08:33:39, 20.9, 20.0, 10
2017/03/02 08:34:03, 20.9, 20.0, 10
2017/03/02 08:37:27, 20.9, 20.0, 10
2017/03/02 08:37:50, 20.9, 20.0, 10
2017/03/02 08:38:28, 20.9, 20.0, 10
2017/03/02 08:39:01, 20.9, 20.0, 10
2017/03/02 08:39:34, 20.9, 20.0, 10
2017/03/02 08:44:34, 20.9, 22.1, 10
2017/03/02 08:49:34, 20.9, 22.1, 10
2017/03/02 08:53:14, 20.9, 20.0, 10
2017/03/02 08:58:14, 20.9, 22.2, 10
2017/03/02 09:03:14, 20.9, 22.2, 10
2017/03/02 09:08:14, 20.9, 22.2, 10
2017/03/02 09:13:14, 20.9, 22.2, 10
2017/03/02 09:18:14, 20.9, 22.4, 10
2017/03/02 09:23:14, 20.9, 22.4, 10
2017/03/02 09:23:48, 23.1, 22.4, 12
2017/03/02 09:28:48, 23.1, 22.4, 12
2017/03/02 09:33:48, 23.1, 22.4, 12
2017/03/02 09:38:48, 23.1, 22.4, 12
2017/03/02 09:43:48, 23.1, 22.4, 12
2017/03/02 09:48:48, 23.1, 22.4, 12
2017/03/02 09:53:48, 23.1, 22.6, 12
2017/03/02 09:58:48, 23.1, 22.6, 12
2017/03/02 10:03:48, 23.1, 22.6, 12
2017/03/02 10:08:48, 23.1, 22.6, 12
2017/03/02 10:13:48, 23.1, 22.6, 12
2017/03/02 10:18:48, 23.1, 22.6, 12
2017/03/02 10:23:48, 23.1, 22.8, 12
2017/03/02 10:28:48, 23.1, 22.8, 12
2017/03/02 10:33:48, 23.1, 22.8, 12
2017/03/02 10:38:48, 23.1, 22.8, 12
2017/03/02 10:43:48, 23.1, 22.8, 12
2017/03/02 10:48:48, 23.1, 22.8, 12
2017/03/02 10:50:09, 19.2, 22.8, 10
2017/03/02 10:55:09, 19.2, 22.8, 10
2017/03/02 11:00:09, 19.2, 22.8, 10
2017/03/02 11:05:09, 19.2, 22.8, 10
2017/03/02 11:10:09, 19.2, 22.8, 10
2017/03/02 11:15:09, 19.2, 22.8, 10
2017/03/02 11:20:09, 19.2, 22.8, 10
2017/03/02 11:25:09, 19.2, 22.8, 10
2017/03/02 11:30:09, 19.2, 22.8, 10
2017/03/02 11:32:10, 19.2, 20.0, 10
2017/03/02 11:32:39, 19.2, 20.0, 10
2017/03/02 11:32:51, 19.2, 20.0, 10
2017/03/02 11:33:05, 19.2, 20.0, 10
2017/03/02 11:33:43, 23.2, 22.9, 12
2017/03/02 11:34:18, 21.4, 22.9, 10
2017/03/02 11:39:18, 21.4, 22.9, 10
2017/03/02 11:44:18, 21.4, 22.9, 10
2017/03/02 11:49:18, 21.4, 22.9, 10
2017/03/02 11:54:18, 21.4, 22.9, 10
2017/03/02 11:57:59, 23.5, 22.9, 12
2017/03/02 11:58:19, 20.5, 22.9, 10
2017/03/02 12:02:54, 23.4, 22.9, 12
2017/03/02 12:07:54, 23.4, 22.9, 12
2017/03/02 12:12:54, 23.4, 22.9, 12
2017/03/02 12:17:54, 23.4, 22.9, 12
2017/03/02 12:22:54, 23.4, 23.1, 12
2017/03/02 12:27:54, 23.4, 23.1, 12
2017/03/02 12:32:54, 23.4, 23.1, 12
2017/03/02 12:37:54, 23.4, 23.1, 12
2017/03/02 12:42:54, 23.4, 23.1, 12
2017/03/02 12:47:54, 23.4, 23.3, 12
2017/03/02 12:51:53, 21.9, 23.3, 10
2017/03/02 12:56:53, 21.9, 23.3, 10
2017/03/02 13:01:53, 21.9, 23.3, 10
2017/03/02 13:06:53, 21.9, 23.3, 10
2017/03/02 13:11:53, 21.9, 23.3, 10
2017/03/02 13:16:53, 21.9, 23.3, 10
2017/03/02 13:21:53, 21.9, 23.3, 10
2017/03/02 13:26:53, 21.9, 23.5, 10
2017/03/02 13:31:53, 21.9, 23.5, 10
2017/03/02 13:36:53, 21.9, 23.5, 10
2017/03/02 13:41:53, 21.9, 23.5, 10
2017/03/02 13:46:53, 21.9, 23.5, 10
2017/03/02 13:51:53, 21.9, 23.5, 10
2017/03/02 13:56:53, 21.9, 23.5, 10
2017/03/02 14:01:53, 21.9, 23.5, 10
2017/03/02 14:06:53, 21.9, 23.7, 10
2017/03/02 14:11:53, 21.9, 23.7, 10
2017/03/02 14:16:53, 21.9, 23.5, 10
2017/03/02 14:21:53, 21.9, 23.5, 10
2017/03/02 14:26:53, 21.9, 23.5, 10
2017/03/02 14:31:54, 21.9, 23.5, 10
2017/03/02 14:36:54, 21.9, 23.5, 10
2017/03/02 14:41:54, 21.9, 23.5, 10
2017/03/02 14:46:54, 21.9, 23.5, 10
2017/03/02 14:51:54, 22.0, 23.5, 10
2017/03/02 14:56:54, 22.0, 23.5, 10
2017/03/03 07:06:54, 22.0, 20.0, 10
2017/03/03 07:06:58, 22.0, 19.6, 12
2017/03/03 07:11:57, 22.0, 20.3, 12
2017/03/03 07:16:58, 22.0, 20.9, 12
2017/03/03 07:21:58, 22.0, 21.1, 12
2017/03/03 07:26:58, 22.0, 21.3, 12
2017/03/03 07:31:58, 22.0, 21.5, 12
2017/03/03 07:36:58, 22.0, 21.7, 12
2017/03/03 07:41:58, 22.0, 21.9, 12
2017/03/03 07:46:58, 22.0, 21.9, 12
2017/03/03 07:50:38, 22.0, 22.1, 10
2017/03/03 07:55:38, 22.0, 22.1, 10
2017/03/03 08:00:38, 22.0, 22.1, 10
2017/03/03 08:05:38, 22.0, 22.1, 10
2017/03/03 08:10:38, 22.0, 22.1, 10
2017/03/03 08:15:38, 22.0, 22.3, 10
2017/03/03 08:20:38, 22.0, 22.3, 10
2017/03/03 08:25:38, 22.0, 22.3, 10
2017/03/03 08:30:38, 21.0, 22.3, 10
2017/03/03 08:35:38, 21.0, 22.3, 10
2017/03/03 08:40:38, 21.0, 22.5, 10
2017/03/03 08:45:38, 21.0, 22.5, 10
2017/03/03 08:50:38, 21.0, 22.5, 10
2017/03/03 08:55:38, 21.0, 22.5, 10
2017/03/03 09:00:38, 21.0, 22.5, 10
2017/03/03 09:05:38, 21.0, 22.7, 10
2017/03/03 09:10:38, 21.0, 22.7, 10
2017/03/03 09:15:38, 21.0, 22.7, 10
2017/03/03 09:20:38, 21.0, 22.7, 10
2017/03/03 09:25:38, 21.0, 22.7, 10
2017/03/03 09:30:38, 21.0, 22.9, 10
2017/03/03 09:35:38, 21.0, 22.9, 10
2017/03/03 09:40:38, 21.0, 22.9, 10
2017/03/03 09:45:38, 21.0, 22.9, 10
2017/03/03 09:50:38, 21.0, 23.1, 10
2017/03/03 09:55:38, 21.0, 23.1, 10
2017/03/03 10:00:39, 21.0, 23.1, 10
2017/03/03 10:05:39, 21.0, 23.1, 10
2017/03/03 10:10:39, 21.0, 23.1, 10
2017/03/03 10:15:39, 21.0, 23.1, 10
2017/03/03 10:20:39, 21.0, 23.3, 10
2017/03/03 10:25:39, 21.0, 23.3, 10
2017/03/03 10:30:39, 21.0, 23.3, 10
2017/03/03 10:35:39, 21.0, 23.3, 10
2017/03/03 10:40:39, 21.0, 23.3, 10
2017/03/03 10:45:39, 21.0, 23.3, 10
2017/03/03 10:50:39, 21.0, 23.3, 10
2017/03/03 10:55:39, 21.0, 23.3, 10
2017/03/03 11:00:39, 21.0, 23.3, 10
2017/03/03 11:05:39, 21.0, 23.3, 10
2017/03/03 11:10:39, 21.0, 23.3, 10
2017/03/03 11:15:39, 21.0, 23.5, 10
2017/03/03 11:20:39, 21.0, 23.5, 10
2017/03/03 11:25:39, 21.0, 23.5, 10
2017/03/03 11:30:39, 21.0, 23.5, 10
2017/03/03 11:35:39, 21.0, 23.5, 10
2017/03/03 11:40:39, 21.0, 23.5, 10
2017/03/03 11:45:39, 21.0, 23.5, 10
2017/03/03 11:50:39, 21.0, 23.5, 10
2017/03/03 11:55:39, 21.0, 23.5, 10
2017/03/03 12:00:39, 21.0, 23.5, 10
2017/03/03 12:05:39, 21.0, 23.5, 10
2017/03/03 12:10:39, 21.0, 23.7, 10
2017/03/03 12:12:49, 24.5, 23.7, 12
2017/03/03 12:13:04, 19.5, 23.7, 10
